Асуулт,link,зөв хариулт,Анги,Хичээл,Буруу хариулт 1,Буруу хариулт 2,Буруу хариулт 3,TEXT
Хий шингэний урсгалаар дулааны энерги зөөгдөхийг юу гэдэг вэ?,,конвекци,9,Байгалийн ухаан,Гэрэл,Цахилгаан,Дуу,
Цахилгаан гүйдлээр халдаг олон хэрэгсэл байдаг. Энд цахилгаан энерги ямар энерги болон хувирч байдаг вэ?,,Дулааны энерги,9,Байгалийн ухаан,Гэрэл,Дуу ,Хими,
Буцлах температурт байгаа 1 кг шингэн бүрэн ууршихдаа авах дулааныг ............ гэнэ.,,Ууршилтын хувийн дулаан,9,Байгалийн ухаан,Хайлахын дулаан,Түлшний шаталтын дулаан,Хувийн дулаан багаамж,
Дараах автомашин нь ямар энергийг ямар ямар энергид хувиргадаг вэ? Тодорхойлж 3 энергийн хувирлыг бичнэ үү?,https://i.ibb.co/ymfvTZFk/Screenshot-2026-04-20-140630.png,"Дулаан, Цахилгаан, Хими",,,,,,
"Дараах зурагт үзүүлсэн ургамлын навчны судал болон үндэсний системийг ажиглан, аль ангид хамаарахыг тодорхойлно уу.",,"Навч нь торлог судалтай, гол үндэстэй тул хос талт ургамал",12,Биологи,"Навч нь торлог судалтай, сагсгар үндэстэй тул нэг талт ургамал","Навч нь параллель судалтай, гол үндэстэй тул хос талт ургамал","Навч нь параллель судалтай, сагсгар үндэстэй тул нэг талт ургамал",
"Мөөгний аймгийн ургамал болон амьтны аймагтай төсөөтэй шинжүүд, мөн зөвхөн тухайн аймагт хамаарах бүтцийн онцлогийг зөв тодорхойлсон мөрийг сонгоно уу.",,Өсөлт нь хязгааргүй | Бие нь гиф хэмээх утсанцраас тогтоно | Гликоген нөөцлөх,12,Биологи,Автотроф хооллолт | Шилбүүрээр хөдлөх | Эсийн хана нь хитинээс тогтоно,Хлоропласт агуулна | Спораар үржих | Шим тэжээлийг залгиж хооллоно,Цардуул нөөцлөх | Мицелл үүсгэдэг | Фототроф хооллолт,
Аэроб амьсгалын үе шатууд эсийн аль хэсэгт явагддаг болохыг зөв харгалзуулсан хэсгийг сонгоно уу.,,Цитоплазм | Митохондрийн матрикс | Митохондрийн крист,12,Биологи,Митохондри | Цитоплазм | Рибосом,Цитоплазм | Хлоропласт | Эндоплазмын тор,Цитоплазм | Бөөм | Митохондрийн матрикс,
"Хүн амьсгал авах үед өрц болон хавирга хоорондын булчингийн агшилт, цээжний хөндийн даралт хэрхэн өөрчлөгддөг вэ",,"Өрцний булчин агшиж, хавирга хоорондын гадна булчин агшин цээжний хөндийн эзлэхүүн ихсэж, даралт багасна.",12,Биологи,"Өрцний булчин суларч, цээжний хөндийн эзлэхүүн багасаж, даралт ихэснэ.","Хавирга хоорондын гадна булчин суларч, эзлэхүүн ихсэж, даралт багасна.","Өрцний булчин агшиж, цээжний хөндийн эзлэхүүн багасаж, даралт багасна.",
"Хүн эрчимтэй дасгал хөдөлгөөн хийх үед булчинд анаэроб амьсгал явагддаг. Энэ үйл явцтай холбоотой зөв өгөгдлийг сонгоно уу. 1.	Булчинд сүүний хүчил (лактат) хуримтлагдсанаар булчин цуцдаг.
2.	Нэг молекул глюкозоос 36-38 молекул АТФ үүснэ. 	   3. Нэг молекул глюкозоос 2 молекул АТФ үүснэ.
4.	Булчинд этилийн спирт болон нүүрсхүчлийн хий үүснэ.
",,1 ба 3,12,Биологи,2 ба 4,1 ба 2,3 ба 4,
Зүрхний мөчлөгийн үеүдийн 3 дугаараар ямар үйл явцыг тэмдэглэснийг зөв нэрлэсэн мөрийг сонгоно уу. ,https://ibb.co/nqPyKjY6,Ховдлын систол | 3 хавтаст – Хаагдана | 2 хавтаст – Хаагдана | Тал саран – Нээгдэнэ,12,Биологи,Тосгуурын систол | Хаагдана | Хаагдана | Нээгдэнэ,Тосгуурын систол | Нээгдэнэ | Хаагдана | Нээгдэнэ,Диастол | Нээгдэнэ | Нээгдэнэ | Хаагдана,
"Өндөр уулын бүсэд амьдардаг хүмүүсийн цусанд ""А"" эсийн тоо тал газрын хүмүүсийнхээс их байдаг. Үүний шалтгаан нь юу вэ? ",https://ibb.co/dsKQ13rz,Агаар дахь хүчилтөрөгчийн парциал даралт бага тул хийн зөөвөрлөлтийг нэмэгдүүлэх,12,Биологи,"Дархлааг дэмжиж, өвчнөөс сэргийлэх","Цусны бүлэгнэлтийг түргэсгэж, шархыг хурдан эдгээх","Цусны эргэлтийн хурдыг сааруулж, биеийн температурыг тогтворжуулах",
Доорх зурагт биополимер нэгдлүүдийн үүсэх болон задрах урвалыг үзүүлжээ. Урвалын явцад явагдаж буй үйл явц болон үүсэх холбоог зөв тодорхойлсон мөрийг сонгоно уу,https://ibb.co/fGQ3qZdQ,Конденсаци | Пептид холбоо | Гликозид холбоо,12,Биологи,Гидролиз | Пептид холбоо | Гликозид холбоо,Конденсаци | Устөрөгчийн холбоо | Эфирийн холбоо,Гидролиз | Эфирийн холбоо | Пептид холбоо,
Тэмээний бөхөнд их хэмжээний өөх тос хуримтлагддаг бөгөөд энэ нь зөвхөн энергийн нөөц болоод зогсохгүй бодисын солилцооны усны эх үүсвэр болдог. Хэрэв 100г өөх тос болон 100г нүүрс ус (цардуул) организмын дотор исэлдэх үед үүсэх ус болон энергийн хэмжээг харьцуулбал аль дүгнэлт нь зөв бэ?,,Өөх тос исэлдэхэд нүүрс уснаас 2 дахин их энерги болон илүү их ус үүснэ.,12,Биологи,Нүүрс ус исэлдэхэд өөх тосноос илүү их энерги болон ус үүснэ.,Өөх тос болон нүүрс ус нь ижил хэмжээний энерги ялгаруулна.,Нүүрс ус нь усанд уусдаггүй тул бодисын солилцооны ус үүсгэхгүй.,
"Сурагч ""Дархлааны төрөл ба хэлбэр"" сэдвээр хийсэн тэмдэглэлдээ нэгэн алдаа гаргажээ. Дараах өгөгдлүүдээс БУРУУ тодорхойлолтыг олно уу.",,Эхээс урагт ихэс болон сүүгээр дамжин ирэх дархлааг төрөлхийн идэвхгүй дархлаа гэнэ.,12,Биологи,Өвчилсний дараа биед санах ойн эсүүд үүсэж үлдэхийг олдмол идэвхтэй дархлаа гэнэ.,Бэлэн эсрэг бие агуулсан ийлдэс тариулахыг олдмол идэвхгүй дархлаа гэнэ.,Вакцин тариулсны дараа бие махбод өөрөө эсрэг бие үйлдвэрлэхийг олдмол идэвхтэй дархлаа гэнэ.,
Графикт нэгэн хүний цусан дахь эсрэг биеийн агууламжийг вакцин хийлгэхийн өмнө болон дараа үзүүлжээ. Вакцины хоёр дахь тун (бустер) хийлгэхэд эсрэг биеийн хэмжээ огцом ихсэж буй шалтгаан нь юу вэ?,https://ibb.co/nMzTVghd,"Эхний тунгийн дараа үүссэн санах ойн эсүүд эсрэг төрөгчийг хурдан таньж, эсрэг биеийг эрчимтэй үйлдвэрлэсэн тул.",12,Биологи,Вакцинд агуулагдах нянгууд цусанд шууд үржсэн тул.,Вакцин нь цусны улаан эсийн тоог олшруулсан тул.,Бустер тун нь цусан дахь лейкоцитын хэлбэрээ өөрчлөх чадварыг зогсоосон тул.,
"Нэгэн өвчтөн бактераар үүсгэгдсэн хоолойн үрэвслийн үед антибиотикийг 7 хоног уух заавартай авчээ. Гэвч 3 дахь хоног дээр биеийн байдал нь илт дээрдэж, зовуурьгүй болсон тул эмийг үргэлжлүүлэн уухаа больсон байна. Энэхүү үйлдэл нь ямар үр дагаварт хүргэж болохыг биологийн үүднээс тайлбарлана уу.",,"Тухайн антибиотикт тэсвэртэй мутаци бүхий цөөн тооны бактер биед үлдэж, дараагийн удаа уг эм үйлчлэхгүй болох эрсдэлтэй.",12,Биологи,"Эмчилгээ амжилттай болсон тул үлдсэн эмийг уухгүй байх нь элэг, бөөрийг хамгаална.",Хүний бие өөрөө антибиотик үйлдвэрлэж эхлэх тул гаднаас эм авах шаардлагагүй болно.,Антибиотик нь вирусийн эсрэг үйлчилгээтэй тул 3 хоног уухад хангалттай.,
Мэдрэлийн эсүүдийн хооронд мэдээлэл дамжих үед синапс (synapse) хэмээх зайгаар цахилгаан импульс шууд дамждаггүй. Энэ үед химийн бодис буюу нейротрансмиттерүүд оролцдог. Хэрэв синапс дахь мэдээлэл дамжуулалтыг зогсоодог хортой бодис биед орвол мэдрэлийн системд ямар өөрчлөлт гарах вэ?,,"Мэдээлэл дамжуулалт тасалдаж, тухайн мэдрэлийн замаар дамжих рефлекс эсвэл мэдрэхүй бүрэн зогсоно.",12,Биологи,"Мэдрэлийн импульс улам хурдсаж, булчингийн агшилт хяналтгүй болно.","Зөвхөн төв мэдрэлийн систем гэмтэж, захын мэдрэлийн систем хэвийн ажиллана.","Мэдрэлийн импульс буцаж урсаж, тархи руу худал мэдээлэл илгээнэ.",
Доорх зурагт фотосинтезийн бүтээгдэхүүн болох сахароз навчны мезофилл эсээс флоэм (шигшүүрт гуурс) руу зөөвөрлөгдөх хоёр өөр замыг харуулжээ. Зураг дээрх цэнхэр болон улаан сумаар тэмдэглэгдсэн зөөвөрлөлтийн механизмыг зөв тодорхойлсон хувилбарыг сонгоно уу,https://ibb.co/wr2yvdJ7,"Цэнхэр – Симпласт зам, Улаан – Апопласт зам",12,Биологи,"Цэнхэр – Апопласт зам, Улаан – Симпласт зам","Цэнхэр – Идэвхтэй зөөвөрлөлт, Улаан – Осмос","Цэнхэр – Хийн солилцоо, Улаан – Усны зөөвөрлөлт",
"Ургамлын транспирацийн (ууршилт) эрчимд хүрээлэн буй орчны хүчин зүйлс хэрхэн нөлөөлөхийг потметрээр хэмжжээ. Хэрэв агаарын чийгшил ихсэж, гэрлийн эрчим буурвал потметр дэх агаарын бөмбөлгийн шилжилт хөдөлгөөнд ямар өөрчлөлт орох вэ",,"Агаарын бөмбөлгийн шилжилт удааширна, учир нь ууршилт багасна.",12,Биологи,"Агаарын бөмбөлгийн шилжилт хурдасна, учир нь ууршилт нэмэгдэнэ.","Агаарын бөмбөлөг хөдөлгөөнгүй болно, учир нь фотосинтез зогсоно.",Агаарын бөмбөлөг эсрэг чиглэлд хөдөлнө.,
"Хоол боловсруулах эрхтнүүдэд явагдах химийн боловсруулалтыг доорх хүснэгтэд дутуу харуулжээ. Хүснэгтийн I, II, III хэсэгт тохирох хариултыг зөв дарааллаар байрлуулсан хувилбарыг сонгоно уу.",https://ibb.co/LdZGgfpp,"I – Пепсин, II – Өөх тос, III – Өөхний хүчил",12,Биологи,"I – Трипсин, II – Уураг, III – Амин хүчил","I – Липаза, II – Гликоген, III – Өөхний хүчил","I – Пепсин, II – Глюкоза, III – Амин хүчил",
Хэрэв хүний бөөрний E хэсэгт (Хенлийн гогцоо) гэмтэл учирч үйл ажиллагаа нь доголдолд орвол бие махбодод гарах хамгийн бодитой өөрчлөлтийг сонгоно уу.,https://ibb.co/gY47bBS,"Шээсээр ялгарах усны хэмжээ ихсэж, биеийн усны тэнцвэр алдагдана (ус эргэн шимэгдэх үйл ажиллагаа суларна).",12,Биологи,Цусан дахь глюкозын хэмжээ эрс нэмэгдэнэ,Цусны даралт огцом унана,Бөөрөнд анхдагч шээс үүсэхээ болино,
"Уг график дээрх ""Энзимтэй"" (цэнхэр шугам) болон ""Энзимгүй"" (улаан тасархай шугам) урвалуудыг харьцуулахад дараах дүгнэлтүүдийн аль нь хамгийн зөв бэ",https://ibb.co/yFsgJ7zc,"Энзим нь урвалын хамгийн дээд цэг буюу энергийн босгыг доошлуулж, урвалыг хөнгөвчилдөг. ",12,Биологи,Бодис болон бүтээгдэхүүний энергийн түвшин энзимээс хамаарч өөрчлөгдөнө,Урвал явагдах хугацаа энзимтэй үед энзимгүй үеэс илүү урт байна,Энзим нь урвал явагдахад шаардагдах идэвхжүүлэх энергийн хэмжээг ихэсгэдэг,
"Биотехнологийн салбарт ""Уламжлалт"" болон ""Орчин үеийн"" гэсэн ангиллыг ихэвчлэн хийдэг. Дараах үйл ажиллагаануудаас аль нь уламжлалт биотехнологид хамаарах вэ?",,"Сүүг тараг, бяслаг болгон исгэх үйл явц",12,Биологи,Бактерийг ашиглан хүний инсулин үйлдвэрлэх,Генетикийн өөрчлөлттэй (GMO) ургамал гарган авах,Амьтныг клоны аргаар хувилан олшруулах,
"Эрдэмтэд нэгэн бактерийг ашиглан хүний инсулин үйлдвэрлэхээр төлөвлөжээ. Энэ процесст хамгийн чухал алхам болох ""Рекомбинант ДНХ"" (Recombinant DNA) үүсгэхэд дараах үйл ажиллагааны аль нь зөв дараалал вэ?",,Инсулиныг хариуцдаг хүний генийг ялгах → плазмидыг хайчлах → генийг плазмидтай залгах → бактерид оруулах. ,12,Биологи,Бактерийн эсийг шууд химийн бодисоор үхүүлэх → инсулины гентэй холих,Бактерийн ДНХ-ийг бүхэлд нь устгах → хүний биеийн бүх хромосомыг бактерид суулгах,Бактерийн өсөлтийг зогсоох → плазмидыг устгах → инсулины уургийг өөрөө үүсгэхийг хүлээх.,
"Цагаан цэцэгтэй (рецессив, aa) вандуйг генотип нь тодорхойгүй шар цэцэгтэй вандуйтай эрлийзжүүлэхэд бүх үр төл нь шар цэцэгтэй гарчээ. Энэ тохиолдолд эцэг эхийн шар цэцэгтэй вандуйн генотип нь ямар байх ёстой вэ?",,AA (гомозигот доминант) ,12,Биологи,aa (гомозигот рецессив) ,Aa (гетерозигот) ,AA эсвэл Aa байж болно ,
"Эцэг эхийн нэг нь I бүлгийн (ii), нөгөө нь IV бүлгийн (IA IB) цусны бүлэгтэй бол тэдний хүүхдүүдийн цусны бүлэг ямар байх вэ?",,Зөвхөн II ба III бүлэг,12,Биологи,Бүх хүүхэд IV бүлэгтэй байна,Зөвхөн I ба IV бүлэг,Зөвхөн IV бүлэг,
"Тусгаарлагдсан арал дээрх шувуудын популяцид гэнэтийн байгалийн гамшиг (гал түймэр) тохиолдож, нийт шувуудын 90% нь устжээ. Үлдэгдэл 10% шувуудын генийн сан нь өмнөх популяциас эрс ялгаатай байв. Энэ үзэгдлийг биологийн ямар нэр томьёогоор нэрлэх вэ?",,Генийн шилжилт  ,12,Биологи,Байгалийн шалгарал,Генийн урсгал,Зохиомол шалгарал,
Эсийн хуваагдлын үед ДНХ нь маш нягт ороогдож хромосом үүсгэдэг. Энэхүү нягт ороогдолт яагаад чухал вэ?,,Удамшлын материалыг эсийн хуваагдлын үед гэмтээхгүйгээр хоёр шинэ эсэд тэнцүү хуваарилах боломж олгохын тулд,12,Биологи,"ДНХ-ийн молекулын хэмжээг ихэсгэж, эсэд их зай эзлүүлэх зорилготой","Уургийн нийлэгжилтийг зогсоож, эсийг амраахын тулд. ",Зөвхөн бүх эсүүд ижил өнгөтэй болохын тулд,
"Эсийн рибосом дээр уураг нийлэгжих явцад мРНХ-ийн кодон бүр өөрт тохирох зРНХ-ийн антикодонтой холбогддог. Хэрэв мРНХ-ийн кодон нь 5'-AUG-3' байвал, түүнтэй холбогдох зРНХ-ийн антикодон нь ямар дараалалтай байх вэ",,3'-UAC-5',12,Биологи,3'-ATG-5' ,3'-AUC-5',5'-ATG-3',
"Митоз хуваагдлаар хуваагдаж буй эсийн зургийг ажиглан, ямар үе шат явагдаж байгааг  илэрхийлсэн мөрийг сонгоорой",https://ibb.co/0ypsDJKj,Профаз → Телофаз,12,Биологи,Анафаз → Телофаз,Метафаз → Телофаз,Интерфаз → Профаз,
"Эсийн амьдралын мөчлөгийн интерфаз (interphase) үед эсэд идэвхтэй үйл явцууд явагддаг. Хэрэв лабораторийн шинжилгээгээр нэг эсийн бөөм дэх ДНХ-ийн хэмжээ 2 дахин ихэссэн боловч хромосомын тоо өөрчлөгдөөгүй байвал, тухайн эс эсийн мөчлөгийн аль үе шатанд байна вэ?",,S үе шат (Синтезийн үе) ,12,Биологи,G0 үе шат (Эс хуваагдахаа зогсоосон үе),G2 үе шат (Хуваагдалд бэлтгэх үе) ,Митоз үе шат (Эсийн хуваагдал),
Усны эргэлтийн зурагт конденсацын үзэгдлийг хэд дугаараар тэмдэглэсэн бэ?,https://ibb.co/rR1G4pKd,3,12,Биологи,1,2,4,
"B графикт үзүүлсэн популяцийн тоо толгой огцом өсөж, дараа нь бараг бүрэн унаж буй үзэгдлийг биологийн үүднээс юу гэж тайлбарлах вэ?",https://ibb.co/WRpK11d,"Тухайн зүйл тодорхой хугацаанд орчны нөөц бололцоог (хоол хүнс) хэт ашигласны улмаас нөөц дуусч, популяцийн огцом уналт явагдсан",12,Биологи,"Тухайн зүйл байгалийн шалгаралд бүрэн дасан зохицож, тоо толгой нь тогтворжсон","Популяцийн тоо толгой нь гадаад орчны нөөц бололцоог бүрэн ашиглаж, урт хугацаанд тогтвортой үлдсэн",Байгалийн гамшиг болон хүний нөлөө огт байгаагүй тул популяци өөрөө устах замыг сонгосон,
"Энэхүү графикийг ажиглаад, график дээрх 5-аас 10 хүртэлх хугацаанд цэнхэр шугам (идэш тэжээл бологч буюу туулай) огцом буурч, ногоон шугам (махчин буюу үнэг) бага зэрэг нэмэгдэж байгаа үзэгдлийг биологийн үүднээс хэрхэн тайлбарлах вэ?",https://ibb.co/nsT1gTm4,"Махчин амьтдын тоо толгой өсөхийн хэрээр идэш тэжээл бологчдыг барьж идэх нь нэмэгдэж, улмаар тэдний популяцийн тоо буурч байна. ",12,Биологи,"Энэ хугацаанд идэш тэжээл бологчдын төрөлт эрс багасаж, махчин амьтад өөр төрлийн хоол хүнсэнд шилжиж байна","Уур амьсгалын огцом өөрчлөлтөөс болж идэш тэжээл бологчид өөр газар луу нүүдэллэж, махчин амьтад хоолгүй болж байна.","График дээрх өөрчлөлт нь ямар ч биологийн холбоогүй, зөвхөн санамсаргүй статистик үзүүлэлт юм",
,,,,,,,,
"""нууцыг тайлах"" үгийн утгад тохирохыг сонгоно уу.",https://ibb.co/rR6Y2rFR,тухайн нууц зүйлийн учрыг олж илрүүлэх,5,Монгол хэл,нууцаар тайлбарлах ,нууц тайлагдсаныг мэдэх ,нууцаар хайж учрыг мэдэх,
"""...анааш шиг өндөр хүзүү, арслан бар шиг хүчирхэг булчингүй..."" хэсэгт уран зохиолын ямар дүрслэл байна вэ?",https://ibb.co/rR6Y2rFR,зүйрлэл,5,Монгол хэл,амьдчилал,багасгал,ихэсгэл,
"""Өргөн барив"", ""юмыг өргөж"" гэсэн өгүүлбэрүүдийн тодруулсан үгс ямар утгатай вэ?",https://ibb.co/rR6Y2rFR,салаа утгатай үг,5,Монгол хэл,далд утгатай үг,ойролцоо утгатай үг,эсрэг утгатай үг,
"""Чинбаяр шоргоолжны нууцад нэвтрэх хүсэлтэй ... туршилт хийв."" цэгийн оронд тохирох холбох үгийг сонгоно уу.",https://ibb.co/rR6Y2rFR,учраас,5,Монгол хэл,ба,Өмнө нь,үр дүнд,
Чинбаярын хийсэн үйлийн зөв дарааллыг сонгоно уу?,https://ibb.co/rR6Y2rFR,"туршсан, нээлт хийсэн, машин бүтээсэн, тэмцээнд түрүүлсэн",5,Монгол хэл,"машин бүтээсэн, туршсан, нээлт хийсэн, тэмцээнд түрүүлсэн","нээлт хийсэн, туршсан, машин бүтээсэн, тэмцээнд түрүүлсэн","туршсан, машин бүтээсэн, нээлт хийсэн, тэмцээнд түрүүлсэн",
Чинбаяр шоргоолжны хойд хэсгийг тасалж хаяад хазуулахад өвдөөгүйн шалтгаан юу вэ?,https://ibb.co/rR6Y2rFR,хойд тасархай нь урд хэсэгтээ дэм өгч хөшүүргийн үүрэгтэй байсан учраас,5,Монгол хэл,арслан бар шиг хүчирхэг булчингүй учраас,биеэр жижиг мөн урд хэсэг нь хүчтэй учраас,шоргоолж өөрөөсөө 10 дахин хүнд юм өргөдөг учраас,
Чинбаяр ямар хүслээсээ няцаагүй вэ?,https://ibb.co/rR6Y2rFR,шоргоолжны нууцад нэвтрэх хүсэл,5,Монгол хэл,шидэт эм уух хүсэл,шоргоолжинд хазуулах хүсэл,шоргоолжны үүрэн дээр өдөржин өнжих хүсэл,
"""Зарим амьтны биеийг бүрхэн тогтсон хатуу хэсэг""-ийг юу гэж нэрлэх вэ?",https://ibb.co/rR6Y2rFR,хайрс,5,Монгол хэл,арьс,хальс,яс,
"""...шоргоолж нэг ёсондоо байгалийн бүтээсэн амьд хөшүүрэг юм байна."" хэсэгт ямар дүрслэл байна вэ?",https://ibb.co/rR6Y2rFR,зүйрлэл,5,Монгол хэл,амьдчилал,багасгал,ихэсгэл,
"“Чинбаяр өдрийн турш ажиглав”, “Шинэ бүтээлээ хийж турш.” гэсэн өгүүлбэрүүдийн тодруулсан үгс ямар утгатай вэ?",https://ibb.co/rR6Y2rFR,салаа утгатай үг,5,Монгол хэл,далд утгатай үг,ойролцоо утгатай үг,эсрэг утгатай үг,
"""Чинбаяр туршилт хийсэн ....... шинжлэх ухааны нээлт хийсэн."" цэгийн оронд тохирох холбох үгийг сонгоно уу.",https://ibb.co/rR6Y2rFR,учраас,5,Монгол хэл,өөрөөр хэлбэл,өмнө нь,харин,
Эхийн санааг зөв дараалалд оруулсныг сонгоорой.,https://ibb.co/rR6Y2rFR,"Туршилт хийсэн нь, Машин бүтээсэн нь, Тэмцээнд оролцсон нь",5,Монгол хэл,"Машин бүтээсэн нь, Тэмцээнд оролцсон нь, Туршилт хийсэн нь","Туршилт хийсэн нь, Тэмцээнд оролцсон нь, Машин бүтээсэн нь","Шинэ машин, Шинэ нээлт, Дүүгийн тоглоом",
Чинбаяр гараа шоргоолжинд хазуулахад часхийтэл өвдсөний учрыг олно уу.,https://ibb.co/rR6Y2rFR,хойд хэсэг нь өргөх хүчийг нэмэгдүүлэг учраас,5,Монгол хэл,өөрөөсөө 10 дахин хүчтэй учраас,хатуу хайрсан биетэй учраас,хэд хэдэн удаа хазуулсан учраас,
Чинбаяр шинжлэх ухаанд ямар нээлт хийсэн бэ?,https://ibb.co/rR6Y2rFR,шоргоолжны хойд хэсэгт хүч байдгийг мэдсэн,5,Монгол хэл,хүүхэлдэй харж угсрах арга мэдсэн,шоргоолжинд гараа хэд хэдэн удаа хазуулах арга мэдсэн,шоргоолжны бүх бие нь хатуу хайрс гэдгийг мэдсэн,
Баруун урд зовхисын хойд зүгтэй үүсгэх өнцгийг ол.,,225,9,Математик,135,180,270,Геометр
Зүүн хойд зовхисын хойд зүгтэй үүсгэх өнцгийг ол.,,045,9,Математик,090,315,360,Геометр
A(3; 6); B(7; 9) бол AB хэрчмийн уртыг ол.,,5,9,Математик,6,7,8,Геометр
A(2; 5) ба B(5; 9) бол AB хэрчмийн уртыг ол.,,5,9,Математик,10,15,2,Геометр
A(1; 2) ба B(6; 14) бол AB хэрчмийн уртыг ол.,,13,9,Математик,4,6,7,Геометр
A(0; 0) ба B(8; 15) бол AB хэрчмийн уртыг ол.,,17,9,Математик,18,25,45,Геометр
Гүдгэр таван өнцөгтийн дотоод өнцгүүдийн нийлбэрийг ол.,,540,9,Математик,900,720,360,Геометр
Гүдгэр зургаан өнцөгтийн дотоод өнцгүүдийн нийлбэрийг ол.,,720,9,Математик,900,1080,360,Геометр
Гүдгэр олон өнцөгтийн дотоод өнцгүүдийн нийлбэр 1080 градус бол олон өнцөгтийн оройн тоог олоорой.,,8,9,Математик,7,5,6,Геометр
Гүдгэр олон өнцөгтийн дотоод өнцгүүдийн нийлбэр 900 градус бол олон өнцөгтийн оройн тоог олоорой.,,7,9,Математик,5,8,6,Геометр
"Тэгш өнцөгт гурвалжны нэг катет 15 см, гипотенуз 25 см бол нөгөө катетыг ол.",,20,9,Математик,15,22,24,Геометр
Тойрог хичнээн тэгш хэмийн тэнхлэгтэй вэ?,,Хязгааргүй олон,9,Математик,30,360,100,Геометр
"Тэгш өнцөгт гурвалжны нэг катет 9 см, гипотенуз 15 см бол нөгөө катетыг ол.",,12,9,Математик,13,9,24,Геометр
"Тэгш өнцөгт гурвалжны нэг катет 8 см, гипотенуз 17 см бол нөгөө катетыг ол.",,15,9,Математик,25,40,17,Геометр
"Тэгш өнцөгт гурвалжны нэг катет 7 см, гипотенуз 25 см бол нөгөө катетыг ол.",,24,9,Математик,49,625,25,Геометр
"Тэгш өнцөгт гурвалжны нэг катет 20 см, гипотенуз 29 см бол нөгөө катетыг ол.",,21,9,Математик,20,441,169,Геометр
"Тэгш өнцөгт гурвалжны нэг катет 12 см, гипотенуз 13 см бол нөгөө катетыг ол.",,5,9,Математик,10,15,20,Геометр
Гурвалжны хоёр оройн гадаад өнцгийн нийлбэр 251⁰ бол гурав дахь дотоод өнцгийн хэмжээ аль вэ?,,71,9,Математик,109,54,72,Геометр
Өгсөн өнцөгтэй хамар хоёр өнцгийн нийлбэр нь 204⁰ бол өгсөн өнцгийн хэмжээ аль вэ?,,78,9,Математик,92,58,112,Геометр
Гурвалжны тэнцүү хоёр дотоод өнцгийн нийлбэр нь гурав дахь өнцгөөс 20°-аар их бол их өнцгийг ол.,,80,9,Математик,100,90,70,Геометр
 Шоо хаяхад нийт хэдэн эгэл үзэгдэл үүсэх вэ?,,6,9,Математик,3,4,5,Магадлал
 Шоо хаях үзэгдлийн огторгуйн чадал хэд вэ?,,6,9,Математик,3,4,5,Магадлал
"Шагай орхиход морь, тэмээ, хонь, ямаа гэсэн дүрсүүд буудаг гэвэл 2 шагайг орхиход нийт хэдэн эгэл үзэгдэл илрэх боломжтой вэ?",,16,9,Математик,12,8,4,Магадлал
"Шагай орхиход морь, тэмээ, хонь, ямаа гэсэн дүрсүүд буудаг гэвэл 2 шагай орхих туршилтад илрэх эгэл үзэгдлүүдийн олонлогийн чадал хэд вэ?",,16,9,Математик,12,8,4,Магадлал
"Зоосон мөнгө, шоог зэрэг орхих туршилтад илрэх эгэл үзэгдлүүдийн олонлогийн чадал хэд вэ?",,12,9,Математик,8,4,6,Магадлал
Шоо орхиход 2 буух магадлал хэд вэ?,,1/6,9,Математик,1/3,1/2,1,Магадлал
Шоо хаяхад 1 буух магадлал хэд вэ?,,1/6,9,Математик,1/3,1/2,1,Магадлал
Хоёр шоо орхиход буусан нүднүүдийн нийлбэр 6 байх магадлалыг ол.,,5/36,9,Математик,1/6,7/36,1/12,Магадлал
Хоёр шоо хаяхад буусан нүднүүдийн нийлбэр 7 байх магадлалыг ол.,,1/6,9,Математик,5/12,7/36,1/12,Магадлал
0-ээс 9 хүртэлх 10 цифрээс санамсаргүй нэгийг сонгоход тэгш цифр сонгогдсон байх магадлалыг ол.,,0.5,9,Математик,0.1,0.2,0.6,Магадлал
0-ээс 9 хүртэлх 10 цифрээс санамсаргүй нэг цифр сонгов. Сондгой цифр сонгогдсон байх магадлалыг ол.,,0.5,9,Математик,0.1,0.2,0.6,Магадлал
Тэгш цифрүүдээр бичигдэх 3-н оронтой натурал тоо хэд байгаа вэ?,,100,9,Математик,125,450,900,Магадлал
Сондгой цифрүүдээр бичигдэх 3-н оронтой натурал тоо хэд байгаа вэ?,,125,9,Математик,100,450,900,Магадлал
Мохоо өнцөгт гурвалжны 3 өнцгөөс санамсаргүйгээр нэг өнцөг сонгов. Хурц өнцөг сонгогдсон байх магадлалыг ол.,,2/3,9,Математик,1/3,1,1/6,Магадлал
1-ээс 100 хүртэлх натурал тоонуудаас нэг тоо санамсаргүйгээр сонгов. 3-т хуваагддаг тоо сонгогдох магадлалыг ол.,,33/100,9,Математик,1/3,17/50,2/3,Магадлал
1-ээс 100 хүртэлх натурал тоонуудаас санамсаргүйгээр нэг тоо сонгов. 3-т хуваахад 2 үлддэг тоо сонгогдсон байх магадлалыг ол.,,34/100,9,Математик,33/100,17/50,1/3,Магадлал
"Буудлагын хоёр тамирчин бай буудав. I тамирчин байг онох магадлал 0.6, II тамирчин байг онох магадлал 0.7 бол хоёулаа байг онох магадлалыг ол.",,0.42,9,Математик,0.13,0,0.12,Магадлал
"Буудлагын хоёр тамирчин бай буудав. I тамирчин байг онох магадлал 0.8, II тамирчин байг онох магадлал 0.7 бол хоёулаа байг онох магадлалыг ол.",,0.56,9,Математик,0.15,0,0.06,Магадлал
"Буудлагын хоёр тамирчин бай буудав. I тамирчин байг онох магадлал 0.6, II тамирчин байг онох магадлал 0.7 бол хоёулаа байг онохгүй магадлалыг ол.",,0.12,9,Математик,0.1,0.4,0.006,Магадлал
"Дадлагын хоёр тамирчин бай буудав. I тамирчин байг онох магадлал 0.8, II тамирчин байг онох магадлал 0.7 бол хоёулаа байг онохгүй магадлалыг ол.",,0.06,9,Математик,0.15,0.06,0.2,Магадлал
Хадгаламж зээлийн хоршоонд 2800000 төгрөгийг жилийн 16.5%-ийн хүүтэй хадгалуулсан бол жилийн дараа хэдэн төгрөгтэй болох вэ?,,3262000,9,Математик,462000,3162000,3276000,Тоо тоолол
Хадгаламж зээлийн хоршоонд 3200000 төгрөгийг жилийн 16.5%-ийн хүүтэй хадгалуулсан бол жилийн дараа хэдэн төгрөгтэй болох вэ?,,3728000,9,Математик,528000,3718000,3744000,Тоо тоолол
Хамар 2 өнцгийн харьцаа 3:2 бол эдгээр өнцгийн хэмжээг ол.,,108; 72,9,Математик,105; 75,135; 45,144; 36,Тоо тоолол
Хамар 2 өнцгийн харьцаа 8:7 бол эдгээр өнцгийн хэмжээг ол.,,96; 84,9,Математик,100; 80,120; 60,92; 88,Тоо тоолол
0.5 тоог процентоор илэрхийлсэн нь аль вэ?,,50%,9,Математик,5%,500%,20%,Тоо тоолол
Сурагч номын  1/6 хэсгийг уншжээ. Уншаагүй хуудасны тоо 60 бол ном хэдэн хуудастай вэ?,,72,9,Математик,20,60,66,Тоо тоолол
Аль хос нь 1; 4; 7; 10… дарааллын дараагийн 2 гишүүн болох вэ?,,13; 16,9,Математик,12; 15,13; 18,14; 17,Тоо тоолол
3;5;7;9… дарааллын 50 дугаар гишүүнийг олоорой.,,101,9,Математик,102,100,104,Тоо тоолол
Аль хос тоо нь 3; 8; 13; 18… дарааллын дараагийн 2 гишүүн болох вэ?,,23; 28,9,Математик,22; 27,21; 26,24; 29,Тоо тоолол
1;4;7;10… дарааллын 50 дугаар гишүүнийг олоорой.,,148,9,Математик,151,150,149,Тоо тоолол
"300м замын эхэнд улаан болон цэнхэр дарцаг хатгаад цаашид 60см тутамд улаан дарцаг, 40см тутамд цэнхэр дарцаг хатгажээ. Нийт хэдэн цэг дээр улаан болон цэнхэр дарцгууд хамт байх вэ?",,251,9,Математик,100,120,250,Тоо тоолол
Дараалсан таван тэгш натурал тооны нийлбэр 390 бол хамгийн их тоог олоорой.,,82,9,Математик,78,80,84,Тоо тоолол
Дараалсан таван сондгой натурал тооны нийлбэр 405 бол хамгийн их тоог олоорой.,,85,9,Математик,75,77,79,Тоо тоолол
"Хүү 1 настай, аав нь 39 настай. Хэдэн жилийн дараа аав нь хүүгээсээ 3 дахин их настай болох вэ?",,18,9,Математик,15,17,19,Тоо тоолол
"Хүү 6 настай, аав нь 39 настай. Хэдэн жилийн дараа аав нь хүүгээсээ 2 дахин их настай болох вэ?",,27,9,Математик,25,28,33,Тоо тоолол
Хоёр оронтой тоон дээр 162-ыг нэмэв. Нийлбэр нь уг хоёр оронтой тооны цифрүүдийн байрыг солиод дунд нь 0 цифр бичихэд үүсэх гурван оронтой тоо бол энэ тооны цифрүүдийн нийлбэрийг олоорой.,,12,9,Математик,15,6,5,Тоо тоолол
Хоёр оронтой тоон дээр 243-ыг нэмэв. Нийлбэр нь уг хоёр оронтой тооны цифрүүдийн байрыг солиод дунд нь 0 цифр бичихэд үүсэх гурван оронтой тоо бол энэ тооны цифрүүдийн нийлбэрийг олоорой.,,9,9,Математик,12,13,7,Тоо тоолол
Аль хувилбар дахь гурван тоо гурвуулаа 3; 6; 11; 18; … дарааллын гишүүн болох вэ?,,83; 102; 123,9,Математик,83; 86; 91,86; 91; 908,83; 102; 108,Тоо тоолол
1; 7; 17; 31; … дарааллын 6 дугаар гишүүн аль вэ?,,71,9,Математик,57,51,67,
Ямар нөхцөлд хөшүүргээр хүнд ачааг өргөхөд хялбар байх вэ?,,"ачааг тулгуурт 
ойртуулах,
 дарах цэгийг 
тулгуураас холдуулах",5,хүн байгаль,"ачааг тулгуураас 
холдуулах, 
дарах цэгийг 
тулгуураас холдуулах","ачааг тулгуураас
 холдуулах, 
дарах цэгийг 
тулгуурт ойртуулах","ачааг тулгуурт
 ойртуулах, 
дарах цэгийг
 тулгуурт ойртуулах",
Хөшүүргийн тулах цэгээс хүч үйлчлэх цэг хүртэлх зайг юу гэж нэрлэдэг вэ?,,мөр,5,хүн байгаль,тулах цэг,үйлчлэлийн цэг, хөшүүрэг,
Хөшүүргийн тэнцвэрийн нөхцөл ашиглан тооцоолол хийсэн хүснэгтэд өгөгдсөн мэдээллээс алдааг олно уу,https://ibb.co/0jjQS2hd,30 ба 3,5,хүн байгаль,15 ба 4,60 ба 1, 20 ба 3,
Дараах өгөгдлөөс модонд зоогдсон хадаасыг ХАМГИЙН бага хүч зарцуулж сугалах боломжтой багажийг сонгоно уу.,,"урт иштэй хадаас 
сугалагч",5,хүн байгаль,жижиг бахь,том бахь,"богино иштэй 
хадаас сугалагч",
Хөшүүргийн мөрийг 2 см-ээр багасгавал дарах хүч хэрхэн өөрчлөгдөх вэ?,,2-оор ихэснэ,5,хүн байгаль,2 дахин ихсэнэ,2 дахин багасна,2-оор багасна,
Зурагт өгөгдсөн хөшүүргийг тэнцвэрт оруулахыг тулд хичнээн ачааг тулах цэгийн аль талд нэмэх шаардлагатай вэ?,https://ibb.co/qQdf1bt,"зүүн мөрөнд 1 ачаа
 нэмэх",5,хүн байгаль,баруун мөрөнд 1 ачаа нэмэх,"баруун мөрөнд 2 ачаа
 нэмэх","зүүн мөрөнд 2 ачаа
 нэмэх",
Аль хэрэгсэл нь хөшүүргийн төрөлд хамаарах вэ?,,https://ibb.co/FLVx9CzL,5,хүн байгаль,https://ibb.co/dJjG5w69,https://ibb.co/wCH2pwz,https://ibb.co/bgFNhqbn,
Зурагт өгөгдсөн хөшүүргийг тэнцвэргүй байгаа шалтгааныг сонгоно уу.,,3*1>1*2,5,хүн байгаль,1*1<3*2,1*1>3*2,зөв хариу алга,
Хөшүүргийн тэнцвэрийн нөхцөл ашиглан тооцоолол хийсэн хүснэгтэд өгөгдсөн мэдээллийн алдааг хэрхэн засах вэ?,https://ibb.co/Gfz1nVtj,"30 ба 3 буруу
 30 ба 2 болгох",5,хүн байгаль,"15 ба 4 буруу 
30 ба 2 болгох"," 60 ба 1 буруу
 30 ба 2 болгох","20 ба 4 буруу
30 ба 2 болгох",
 Дараах өгөгдлөөс модонд зоогдсон хадаасыг ХАМГИЙН их хүч зарцуулж сугалах багажийг сонгоно уу.,,"A. богино иштэй
 хадаас сугалагч",5,хүн байгаль,жижиг бахь,том бахь,урт иштэй хадаас сугалагч,
Хөшүүргийн мөрийг 2 см-ээр ихэсгэвэл дарах хүч хэрхэн өөрчлөгдөх вэ?,,2-оор багасна,5,хүн байгаль,2 дахин ихсэнэ,2 дахин багасна,2-оор ихэснэ,
Ачааны тоог өөрчлөхгүйгээр зурагт өгөгдсөн хөшүүргийг тэнцвэрт оруулах боломжтой юу?,,"болно, баруун талын
 ачааг 1-ээр баруун тийш",5,хүн байгаль,"болно, зүүн талын ачааг
 1-ээр зүүн тийш","болно, зүүн талын 1 ачааг
 баруун талын ачаан 
дээр нэмж өлгөх",болохгүй.,
"Газрын зураг ашиглаад Монгол улс дэлхийн аль хагаст байрлаж байгааг
 тодорхойлно уу.",https://ibb.co/wrrbPLcF,"зүүн, хойд хагас",5,хүн байгаль,"баруун, өмнөд хагас","баруун, хойд хагас","зүүн, өмнөд хагас",
"Газрын зураг ашиглаад дэлхийн баруун, хойд болон өмнөд хагаст байрлах
 тивийн нэрийг сонгоно уу.",https://ibb.co/wrrbPLcF,Америк,5,хүн байгаль,Австрали,Ази,Африк,
"Шонгийн сүүдрийг ажиглаад өдрийн аль үе болж байгааг тогтоож 
зөв хариултыг сонгоорой.",https://ibb.co/4nnvp9Jt,өглөө,5,хүн байгаль,өдөр,орой,үдэш,
"Дэлхийн газрын зургийг сайтар ажиглаарай. Монгол улс Ази тивд оршдогийг 
бид мэднэ.Тэгвэл Монгол улс дэлхийн бөмбөрцгийн аль хагаст оршиж байна вэ?",https://ibb.co/Gv9fYPpd,зүүн хойд хагаст,5,хүн байгаль,баруун хойд хагаст,баруун өмнөд хагаст,зүүн өмнөд хагаст,
АНУ дэлхийн аль хэсэгт оршдог вэ?,https://ibb.co/xt4DRtMB,баруун хойд хагаст,5,хүн байгаль,зүүн хойд хагаст,баруун өмнөд хагаст,"зүүн хойд, өмнөд",
Сар хэрхэн гэрэлтэж харагддаг вэ?,, нарны гэрэл туссанаар,5,хүн байгаль,оддын гэрэл туссанаар,сар өөрөө гэрэлтдэг,зөв хариу алга,
Нартай адил өөрөөсөө гэрэл цацаргадаг галт бөмбөлгийг юу гэж нэрлэдэг вэ?,,од,5,хүн байгаль,дэлхий,Нар,Сар,
Хэзээ хамгийн богино сүүдэр үүсдэг вэ?,,үд дунд,5,хүн байгаль,орой нар жаргахад,өглөө нар жаргахад,үдэш,
"Сарны харагдах байдлын зургийг ажиглаад өгөгдсөн дарааллаар байрлах 
зөв зургийг сонгоорой. (дэлхий-сар-нар)",,https://ibb.co/x8DzQMXx,5,хүн байгаль,https://ibb.co/jkv7BJXB,https://ibb.co/k2Sbq6ZF,https://ibb.co/v6fPJhHv,
3200C хүртэлх температуртай од ямар өнгөтэй харагдах вэ?,,Улаан,5,хүн байгаль,шар,цагаан,цэнхэр,
3200C хүртэлх температуртай од ямар өнгөтэй харагдах вэ?,https://ibb.co/4RB1BVvT,"биеийн шугаман 
хэмжээ өөр",5,хүн байгаль,гэрэл туссан өнцөг ижил,гэрэл туссан өнцөг ижил,гэрэл туссан өнцөг ижил,
,,,,,,,,
Алтан гадас одыг харуулсан зургийн дугаарыг дугуйлна уу.,https://ibb.co/MkLHyRsW,3,5,хүн байгаль,1,2,4,
Дараах дүгнэлтүүдийн зөвийг дугуйлаарай.,,"Дэлхий тэнхлэгээ 
баруунаас зүүн рүү 24 цагт 
нэг бүтэн эргэхэд нэг хоног 
болно.",5,хүн байгаль,"Дэлхий тэнхлэгээ 
зүүнээс баруун руу 
24 цагт нэг бүтэн
 эргэхэд нэг хоног болно.","Дэлхий тэнхлэгээ 
нэг бүтэн эргэхэд 
нэг хоног болно.","Дэлхий тэнхлэгээ
 24 цаг эргэхэд
 нэг хоног болно.",
"Сарны харагдах байдлын зургийг ажиглаад нар, сар, дэлхийн байрлах зөв
 зургийг сонгоорой.",https://ibb.co/ynxJdTnM,https://ibb.co/tTGVNV5s,5,хүн байгаль,https://ibb.co/TDsQW6Tg,https://ibb.co/zV2zxbZw,https://ibb.co/2RzwPwm,
Сарны байрлал яагаад өөрчлөгдсөн бэ?,https://ibb.co/wNJJBPVP,"Дэлхий тэнхлэгээ 
эргэдэгтэй холбоотой.",5,хүн байгаль,"Дэлхий тэнхлэгээ 
эргэдэгтэй холбоотой.","Дэлхий тэнхлэгээ 
эргэдэгтэй холбоотой.","Дэлхий тэнхлэгээ 
эргэдэгтэй холбоотой.",
Сарны хэлбэр яагаад өөрчлөгддөг вэ?,,"Дэлхий тэнхлэгээ
 эргэдэгтэй холбоотой.",5,хүн байгаль,"Сар дэлхийг тойрдогтой 
холбоотой.","Дэлхий нарыг
 тойрдогтой холбоотой.","Сар нарыг
 тойрдогтой холбоотой.",
"Цэгийн оронд тохирох үгийг сонгоорой. Дэлхийн гадарга дээр оршиж 
байгаа тухайн цэгийн голдож ба зэргэдийг газарзүйн ..................... гэж нэрлэнэ.",,солбилцол,5,хүн байгаль,огтлолцол,байршил,масштаб,
Асуултын тэмдгийн оронд тохирох үгийг сонгоно уу.,https://ibb.co/7NZYgDLW,өмнөд туйл,5,хүн байгаль,голдож,зэргэд,хойд туйл,
My brother ______ well how to play with ankle bones.,,knows,12,Англи хэл,is knowing ,know,.is know,
"By the end of this year, I ______ as a teacher for 30 years.",,.will have been working,12,Англи хэл,will work,will be working,.will have worked,
Teachers are always very patient ______ students’ noise. ,,With,12,Англи хэл,Of,To,Or,
See if you can __________ your father to give you a lift to the cinema.,,Get round,12,Англи хэл,Get through,Get up,Get out,
WWF stands for World Wide ________for Nature. ,,Fund,12,Англи хэл,Foundation,Founder,Form,
. Our trip to Egypt was ___________.,,Adventuruous,12,Англи хэл,Adventurer,adventure,adventures,
132. We have no money to buy a ________ for the train to London.,,Ticket,12,Англи хэл,Price,Seat,Place,
"9.A(5, 8) , B(6, 6) цэгүүдийг дайрсан шулууны налалт(өнцгийн коэффициент)-ыг ол.",,k=-2,12,Математик,2,-0.5,0.5,Алгебр
 Өгөгдсөн Функцийн урвууг ол. ,https://ibb.co/XrpJymBD,,12,Математик,,,,Алгебр
Өгөгдсөн функцийн тодорхойлогдох мужийг олоорой. ,https://ibb.co/3mN3F75Y,,12,Математик,,,,Алгебр
Өгсөн илэрхийллийн утгыг олоорой. ,https://ibb.co/dsk3yZNx,9,12,Математик,3,-9,27,Алгебр
Өгөгдсөн Функцийн утгын мужийг олоорой. ,https://ibb.co/DyNHspj,,12,Математик,,,,Алгебр
Дараах 542 778 тоог мянгатаар тоймлоорой. ,,543000,5,Математик,540000,542000,500000,Тоо тоолол
16 × 37 үржвэр нь 14 × 37 үржвэрээс хэдээр их вэ?,,74,5,Математик,2,39,50,Тоо тоолол
"5 найз үг үсэглэх тоглоом тоглов. Тэд 44, 51, 20, 17, 33 үг үсэглэжээ. Хүүхдүүд
дунджаар хэдэн үг үсэглэсэн бэ?",,33,5,Математик,55,30,82.5,Тоо тоолол
. Агаарын хэм өглөөнийхөөс 8 хэмээр дулаарч өдөр 5 хэм болов. Өглөө агаарын хэм хэд байсан бэ? Тоон шулуун ашиглан олоорой.,https://www.imghippo.com/i/YEC3732i.png,-3,5,Математик,13,3,8,Тоо тоолол
Дэлгүүрээс 12 дэвтэр авахад 6000 төгрөг төлнө. Тэгвэл 20 дэвтэр авахад хэдэн төгрөг төлөх вэ?,,5000,5,Математик,40000,500,400,Асуудал шийдвэрлэх
Саран ням гарагт амардаг бол хоёрдугаар сард хэдэн өдөр ажиллах вэ?,https://www.imghippo.com/i/mGh7359KFE.png,25,5,Математик,29,30,31,Өгөгдэлтэй ажиллах
Зөв зургаан өнцөгтийн периметр нь 48 дм бол талын уртын хэмжээг олж мм-ээр илэрхийлээрэй.,,80мм,5,Математик,120мм,1200мм,800мм,Геометр
"Ах, дүү хоёр орой бүр 15 минут үлгэр уншиж, ярилцдаг. Тэд нэг цагийн хэдэн процентийг үлгэр уншиж, ярилцахад зарцуулдаг вэ?",,75%,5,Математик,15%,25%,45%,Асуудал шийдвэрлэх
"Жолооч 7 цаг 45 минутад гэрээсээ гарч, 8 цаг 25 минутад ажилдаа ирсэн бол гэрээс ажил хүрэхдээ ямар хугацаа зарцуулсан бэ?",,40 мин,5,Математик,60мин,35мин,55мин,Хэмжигдэхүүн
"Гурвалжны өнцгүүд 32°, 28° бол мэдэгдэхгүй байгаа өнцгийн хэмжээг олоод, тохирох хариултыг сонгоорой.",,120,5,Математик,100,110,130,Геометр
Зөв зургаан өнцөгтийн нэг талын урт 4 м. Энэ 6 өнцөгтийн периметртэй тэнцүү периметр бүхий квадратын талбай ямар хэмжээтэй байх вэ?,,36 м.кв,5,Математик,24м.кв,16 м.кв,576 м.кв,Геометр
Хоёр тооны ерөнхий хуваагчийг Эйлер – Веннийн диаграммаар үзүүлэв. Хоёр тооны ерөнхий хуваагчийг зөв олсон хэсгийг сонгоорой. ,https://www.imghippo.com/i/ZZm2404blQ.png,2.4.1,5,Математик,2.10.5,10.2.1,16.2.4,Тоо тоолол
Ялгаврын утгыг олоорой.,https://www.imghippo.com/i/XCDO8580Qpc.png,7/15,5,Математик,3/15,2/3,3/8,Тоо тоолол
Дараах тоонуудаас 3-т хуваагдах тоонуудыг ялгаж дугуйлаарай.,,2643,5,Математик,7084,314,2002,Тоо тоолол
Хоёр тооны нийлбэр 16 780. Нэг тоо нь нөгөө тооноос 4 дахин их бол тоо тус бүрийг олоорой.,,"3356, 13424",5,Математик,"3350, 13424","3356, 13420","4072, 10600",Тоо тоолол
Будагдсан хэсгийн талбайг олоорой.,https://www.imghippo.com/i/LIO9429eCE.png,1125м.кв,5,Математик,1500м.кв,750м.кв,375м.кв,Хэмжигдэхүүн
Нэгжид шилжүүлээрэй. 65 цаг= .... хоног ..... цаг,,2 хоног 17 цаг,5,Математик,2 хоног 5 цаг,3 хон ,1 хон 17цаг,Хэмжигдэхүүн
(7046 - х)+109=3062 тэгшитгэлийн утга хэдтэй тэнцүү вэ?,,4093,5,Математик,4083,9999,3875,Тоо тоолол
Арал дээрх  майхны байршлыг тодорхойлоорой. ,https://www.imghippo.com/i/Ki3237J.png,"6, 9",5,Математик,"9, 6","7,9","6, 10",Өгөгдэлтэй ажиллах